Country,Year,Population,Production,Consumption_Per_Capita,Total_Rice_Consumption
World,2015,7441826877,734077100000,80.4,598322880.9108001
World,2016,7529066617,737424600000,79.33,597280854.72661
World,2017,7614748582,748899000000,80.19,610626688.7905799
World,2018,7697492379,763880200000,80.06,616261239.86274
World,2019,7778303912,755487940000,79.91,621564265.6079199
World,2020,7855075060,775114200000,81.96,643801951.9175999
World,2021,7920861888,790822500000,81.45,645154200.7775999
World,2022,7990399768,788933600000,80.91,646503245.22888
